{"train_loss": 0.0007442888454534113, "_timestamp": 1688120449.2879052, "_runtime": 34284.9890871048, "_step": 103099, "accuracy": 0.7364341085271318, "sensitivity": 0.9, "specificity": 0.1724137931034483, "roc_score": 0.4993103448275862, "_wandb": {"runtime": 34313}}