{"train_loss": 0.22745786607265472, "_timestamp": 1688086144.9416766, "_runtime": 61.17126154899597, "_step": 158, "_wandb": {"runtime": 60}}